INSERT INTO Customers (customer_id, name, region, signup_date) VALUES
(1, 'Customer 1', 'North', 2022-01-26),
(2, 'Customer 2', 'East', 2022-09-08),
(3, 'Customer 3', 'South', 2022-05-23),
(4, 'Customer 4', 'North', 2023-11-24),
(5, 'Customer 5', 'North', 2023-08-28),
(6, 'Customer 6', 'West', 2022-02-02),
(7, 'Customer 7', 'North', 2022-04-06),
(8, 'Customer 8', 'South', 2022-08-27),
(9, 'Customer 9', 'North', 2023-07-29),
(10, 'Customer 10', 'South', 2024-01-04),
(11, 'Customer 11', 'West', 2022-08-14),
(12, 'Customer 12', 'West', 2023-08-27),
(13, 'Customer 13', 'East', 2024-04-08),
(14, 'Customer 14', 'North', 2024-02-17),
(15, 'Customer 15', 'South', 2023-12-16),
(16, 'Customer 16', 'West', 2022-12-15),
(17, 'Customer 17', 'East', 2022-06-09),
(18, 'Customer 18', 'South', 2024-02-21),
(19, 'Customer 19', 'East', 2022-04-15),
(20, 'Customer 20', 'North', 2023-01-25),
(21, 'Customer 21', 'North', 2023-01-03),
(22, 'Customer 22', 'East', 2023-09-11),
(23, 'Customer 23', 'East', 2024-04-06),
(24, 'Customer 24', 'North', 2024-01-18),
(25, 'Customer 25', 'West', 2023-07-04),
(26, 'Customer 26', 'North', 2023-01-23),
(27, 'Customer 27', 'North', 2023-07-20),
(28, 'Customer 28', 'East', 2024-04-29),
(29, 'Customer 29', 'East', 2023-08-15),
(30, 'Customer 30', 'South', 2023-12-23),
(31, 'Customer 31', 'North', 2022-02-16),
(32, 'Customer 32', 'South', 2024-03-02),
(33, 'Customer 33', 'East', 2022-03-23),
(34, 'Customer 34', 'South', 2024-06-06),
(35, 'Customer 35', 'North', 2023-01-25),
(36, 'Customer 36', 'East', 2023-04-10),
(37, 'Customer 37', 'East', 2022-06-16),
(38, 'Customer 38', 'East', 2022-12-30),
(39, 'Customer 39', 'South', 2023-11-18),
(40, 'Customer 40', 'East', 2023-12-20),
(41, 'Customer 41', 'North', 2023-09-16),
(42, 'Customer 42', 'South', 2023-07-01),
(43, 'Customer 43', 'South', 2022-06-17),
(44, 'Customer 44', 'West', 2023-01-24),
(45, 'Customer 45', 'East', 2023-10-18),
(46, 'Customer 46', 'South', 2023-12-03),
(47, 'Customer 47', 'East', 2024-05-13),
(48, 'Customer 48', 'North', 2022-08-23),
(49, 'Customer 49', 'North', 2024-04-04),
(50, 'Customer 50', 'East', 2023-02-15),
(51, 'Customer 51', 'East', 2022-03-09),
(52, 'Customer 52', 'South', 2023-08-04),
(53, 'Customer 53', 'East', 2022-08-06),
(54, 'Customer 54', 'West', 2023-02-10),
(55, 'Customer 55', 'West', 2022-05-27),
(56, 'Customer 56', 'East', 2022-05-23),
(57, 'Customer 57', 'South', 2024-02-02),
(58, 'Customer 58', 'East', 2024-02-04),
(59, 'Customer 59', 'West', 2023-08-21),
(60, 'Customer 60', 'West', 2023-01-06),
(61, 'Customer 61', 'South', 2022-05-22),
(62, 'Customer 62', 'West', 2022-04-04),
(63, 'Customer 63', 'North', 2024-05-31),
(64, 'Customer 64', 'North', 2022-06-06),
(65, 'Customer 65', 'South', 2024-03-22),
(66, 'Customer 66', 'West', 2023-09-03),
(67, 'Customer 67', 'North', 2023-01-30),
(68, 'Customer 68', 'West', 2023-09-03),
(69, 'Customer 69', 'West', 2023-06-26),
(70, 'Customer 70', 'East', 2023-07-21),
(71, 'Customer 71', 'North', 2023-11-28),
(72, 'Customer 72', 'North', 2023-11-30),
(73, 'Customer 73', 'East', 2024-02-27),
(74, 'Customer 74', 'East', 2022-04-25),
(75, 'Customer 75', 'East', 2023-03-22),
(76, 'Customer 76', 'South', 2023-04-10),
(77, 'Customer 77', 'North', 2024-01-10),
(78, 'Customer 78', 'East', 2023-05-28),
(79, 'Customer 79', 'South', 2023-06-04),
(80, 'Customer 80', 'North', 2024-06-10),
(81, 'Customer 81', 'East', 2024-05-11),
(82, 'Customer 82', 'South', 2022-06-06),
(83, 'Customer 83', 'East', 2024-02-20),
(84, 'Customer 84', 'South', 2023-07-07),
(85, 'Customer 85', 'North', 2023-09-06),
(86, 'Customer 86', 'East', 2023-05-16),
(87, 'Customer 87', 'North', 2022-04-25),
(88, 'Customer 88', 'East', 2024-06-18),
(89, 'Customer 89', 'East', 2022-09-03),
(90, 'Customer 90', 'North', 2022-09-04),
(91, 'Customer 91', 'North', 2022-03-29),
(92, 'Customer 92', 'West', 2024-04-15),
(93, 'Customer 93', 'North', 2024-02-18),
(94, 'Customer 94', 'South', 2022-05-12),
(95, 'Customer 95', 'West', 2023-07-17),
(96, 'Customer 96', 'South', 2022-09-29),
(97, 'Customer 97', 'West', 2022-08-05),
(98, 'Customer 98', 'South', 2024-01-01),
(99, 'Customer 99', 'East', 2023-02-13),
(100, 'Customer 100', 'East', 2023-03-25);
INSERT INTO Products (product_id, category, name, price, cost_price) VALUES
(1, 'Books', 'Books Product 1', 44.04, 32.99),
(2, 'Clothing', 'Clothing Product 2', 21.45, 14.0),
(3, 'Furniture', 'Furniture Product 3', 18.47, 11.37),
(4, 'Electronics', 'Electronics Product 4', 93.26, 53.5),
(5, 'Clothing', 'Clothing Product 5', 31.5, 23.46),
(6, 'Books', 'Books Product 6', 64.86, 50.7),
(7, 'Books', 'Books Product 7', 83.34, 56.17),
(8, 'Books', 'Books Product 8', 58.1, 46.18),
(9, 'Books', 'Books Product 9', 111.86, 77.32),
(10, 'Electronics', 'Electronics Product 10', 246.98, 137.94),
(11, 'Electronics', 'Electronics Product 11', 35.23, 21.52),
(12, 'Electronics', 'Electronics Product 12', 75.22, 57.24),
(13, 'Books', 'Books Product 13', 47.99, 36.63),
(14, 'Books', 'Books Product 14', 100.78, 57.46),
(15, 'Books', 'Books Product 15', 280.2, 163.52),
(16, 'Electronics', 'Electronics Product 16', 35.29, 19.61),
(17, 'Electronics', 'Electronics Product 17', 340.82, 194.11),
(18, 'Furniture', 'Furniture Product 18', 62.04, 41.6),
(19, 'Furniture', 'Furniture Product 19', 303.5, 174.28),
(20, 'Furniture', 'Furniture Product 20', 146.88, 82.0),
(21, 'Clothing', 'Clothing Product 21', 310.89, 186.04),
(22, 'Clothing', 'Clothing Product 22', 160.35, 90.37),
(23, 'Books', 'Books Product 23', 54.31, 39.41),
(24, 'Electronics', 'Electronics Product 24', 183.1, 120.04),
(25, 'Clothing', 'Clothing Product 25', 32.34, 20.86),
(26, 'Furniture', 'Furniture Product 26', 31.31, 20.81),
(27, 'Furniture', 'Furniture Product 27', 28.56, 23.02),
(28, 'Furniture', 'Furniture Product 28', 153.06, 86.72),
(29, 'Furniture', 'Furniture Product 29', 146.85, 119.99),
(30, 'Electronics', 'Electronics Product 30', 138.98, 89.65);
INSERT INTO Orders (order_id, customer_id, order_date, status) VALUES
(1, 67, 2023-11-20, 'Cancelled'),
(2, 27, 2023-11-18, 'Completed'),
(3, 51, 2023-05-15, 'Completed'),
(4, 39, 2024-04-13, 'Completed'),
(5, 97, 2023-03-16, 'Completed'),
(6, 80, 2023-04-13, 'Completed'),
(7, 28, 2024-06-02, 'Completed'),
(8, 45, 2023-03-12, 'Completed'),
(9, 48, 2023-10-19, 'Completed'),
(10, 70, 2023-11-06, 'Completed'),
(11, 84, 2023-01-09, 'Completed'),
(12, 71, 2023-11-03, 'Cancelled'),
(13, 14, 2023-05-18, 'Completed'),
(14, 14, 2023-06-09, 'Completed'),
(15, 78, 2023-08-04, 'Completed'),
(16, 27, 2023-09-28, 'Completed'),
(17, 33, 2023-02-22, 'Completed'),
(18, 55, 2023-10-11, 'Completed'),
(19, 43, 2023-05-14, 'Completed'),
(20, 34, 2023-06-15, 'Completed'),
(21, 71, 2024-03-13, 'Completed'),
(22, 15, 2023-03-19, 'Cancelled'),
(23, 89, 2023-06-02, 'Completed'),
(24, 48, 2023-06-01, 'Completed'),
(25, 6, 2023-11-12, 'Completed'),
(26, 6, 2024-01-02, 'Completed'),
(27, 32, 2023-04-16, 'Completed'),
(28, 72, 2024-02-21, 'Cancelled'),
(29, 96, 2023-06-08, 'Cancelled'),
(30, 31, 2023-06-16, 'Cancelled'),
(31, 23, 2024-02-27, 'Completed'),
(32, 95, 2023-12-07, 'Completed'),
(33, 53, 2023-09-12, 'Completed'),
(34, 90, 2023-04-21, 'Completed'),
(35, 5, 2024-04-26, 'Completed'),
(36, 59, 2023-12-25, 'Completed'),
(37, 30, 2023-08-17, 'Completed'),
(38, 25, 2024-02-13, 'Completed'),
(39, 9, 2023-10-13, 'Completed'),
(40, 66, 2024-02-14, 'Completed'),
(41, 69, 2023-12-06, 'Cancelled'),
(42, 15, 2023-09-25, 'Completed'),
(43, 34, 2023-02-09, 'Completed'),
(44, 56, 2023-12-20, 'Completed'),
(45, 41, 2024-03-22, 'Completed'),
(46, 66, 2023-04-29, 'Completed'),
(47, 74, 2023-07-14, 'Completed'),
(48, 91, 2024-03-22, 'Completed'),
(49, 69, 2023-07-21, 'Completed'),
(50, 9, 2023-12-05, 'Completed'),
(51, 85, 2023-05-08, 'Completed'),
(52, 39, 2024-06-03, 'Completed'),
(53, 53, 2023-12-01, 'Completed'),
(54, 38, 2023-05-11, 'Completed'),
(55, 86, 2024-01-24, 'Completed'),
(56, 23, 2023-11-05, 'Completed'),
(57, 1, 2023-11-08, 'Completed'),
(58, 56, 2023-11-26, 'Completed'),
(59, 57, 2023-08-07, 'Completed'),
(60, 95, 2023-06-23, 'Completed'),
(61, 37, 2024-06-11, 'Completed'),
(62, 80, 2023-12-10, 'Completed'),
(63, 97, 2023-08-29, 'Completed'),
(64, 29, 2023-07-23, 'Completed'),
(65, 6, 2023-09-08, 'Cancelled'),
(66, 79, 2023-03-16, 'Completed'),
(67, 81, 2023-07-19, 'Completed'),
(68, 50, 2024-05-21, 'Completed'),
(69, 19, 2023-01-06, 'Completed'),
(70, 99, 2023-04-20, 'Completed'),
(71, 29, 2023-06-30, 'Completed'),
(72, 90, 2024-06-14, 'Completed'),
(73, 72, 2023-09-13, 'Cancelled'),
(74, 16, 2024-04-12, 'Completed'),
(75, 60, 2023-11-21, 'Cancelled'),
(76, 57, 2024-05-31, 'Completed'),
(77, 71, 2024-04-01, 'Completed'),
(78, 96, 2024-05-01, 'Completed'),
(79, 97, 2023-09-11, 'Completed'),
(80, 36, 2024-06-17, 'Completed'),
(81, 31, 2023-10-09, 'Completed'),
(82, 92, 2023-10-20, 'Completed'),
(83, 43, 2023-11-24, 'Completed'),
(84, 11, 2023-05-22, 'Completed'),
(85, 50, 2023-06-06, 'Completed'),
(86, 9, 2024-02-29, 'Completed'),
(87, 70, 2024-04-22, 'Completed'),
(88, 27, 2024-03-06, 'Completed'),
(89, 99, 2023-01-21, 'Completed'),
(90, 98, 2024-01-25, 'Completed'),
(91, 46, 2023-11-02, 'Completed'),
(92, 54, 2023-08-14, 'Completed'),
(93, 35, 2024-03-22, 'Completed'),
(94, 50, 2023-12-11, 'Completed'),
(95, 52, 2023-06-19, 'Completed'),
(96, 17, 2023-01-28, 'Cancelled'),
(97, 76, 2023-01-28, 'Completed'),
(98, 55, 2023-05-19, 'Completed'),
(99, 24, 2023-02-21, 'Completed'),
(100, 42, 2023-08-05, 'Completed'),
(101, 44, 2024-01-24, 'Completed'),
(102, 54, 2023-09-16, 'Completed'),
(103, 61, 2023-01-20, 'Completed'),
(104, 7, 2023-12-25, 'Completed'),
(105, 9, 2023-02-11, 'Completed'),
(106, 32, 2023-07-24, 'Completed'),
(107, 80, 2023-06-06, 'Completed'),
(108, 61, 2023-04-28, 'Completed'),
(109, 28, 2024-04-21, 'Completed'),
(110, 99, 2024-01-13, 'Completed'),
(111, 78, 2023-04-28, 'Completed'),
(112, 21, 2023-11-15, 'Completed'),
(113, 4, 2023-11-16, 'Completed'),
(114, 49, 2024-02-11, 'Cancelled'),
(115, 26, 2023-03-19, 'Completed'),
(116, 81, 2023-09-06, 'Completed'),
(117, 99, 2023-11-05, 'Completed'),
(118, 77, 2023-05-04, 'Completed'),
(119, 73, 2023-02-12, 'Completed'),
(120, 55, 2024-01-15, 'Completed'),
(121, 83, 2023-12-16, 'Completed'),
(122, 54, 2024-05-16, 'Completed'),
(123, 47, 2024-04-15, 'Completed'),
(124, 56, 2023-06-30, 'Completed'),
(125, 84, 2023-10-04, 'Completed'),
(126, 69, 2024-05-10, 'Completed'),
(127, 94, 2023-10-02, 'Completed'),
(128, 32, 2023-03-30, 'Completed'),
(129, 58, 2023-09-07, 'Completed'),
(130, 73, 2024-01-24, 'Completed'),
(131, 64, 2023-11-29, 'Completed'),
(132, 28, 2023-12-30, 'Completed'),
(133, 44, 2023-10-14, 'Completed'),
(134, 90, 2023-10-10, 'Completed'),
(135, 67, 2023-07-15, 'Completed'),
(136, 93, 2024-02-21, 'Completed'),
(137, 98, 2023-09-04, 'Completed'),
(138, 83, 2024-05-17, 'Completed'),
(139, 3, 2023-04-06, 'Completed'),
(140, 52, 2023-09-07, 'Completed'),
(141, 75, 2024-01-13, 'Completed'),
(142, 68, 2023-12-19, 'Completed'),
(143, 96, 2023-12-05, 'Completed'),
(144, 59, 2023-10-05, 'Completed'),
(145, 30, 2023-05-04, 'Completed'),
(146, 41, 2023-05-03, 'Completed'),
(147, 98, 2023-07-09, 'Completed'),
(148, 95, 2024-05-10, 'Completed'),
(149, 76, 2024-06-21, 'Completed'),
(150, 13, 2023-07-18, 'Completed'),
(151, 47, 2023-07-03, 'Completed'),
(152, 91, 2023-05-10, 'Completed'),
(153, 7, 2023-10-27, 'Completed'),
(154, 17, 2024-05-17, 'Completed'),
(155, 2, 2023-10-19, 'Completed'),
(156, 57, 2023-12-15, 'Completed'),
(157, 7, 2023-09-16, 'Cancelled'),
(158, 62, 2023-04-27, 'Completed'),
(159, 52, 2024-05-18, 'Completed'),
(160, 81, 2023-02-24, 'Completed'),
(161, 73, 2023-11-08, 'Completed'),
(162, 32, 2023-05-02, 'Completed'),
(163, 54, 2023-08-20, 'Completed'),
(164, 49, 2024-04-06, 'Cancelled'),
(165, 39, 2024-03-15, 'Completed'),
(166, 80, 2023-03-03, 'Completed'),
(167, 95, 2023-04-12, 'Cancelled'),
(168, 27, 2023-08-05, 'Completed'),
(169, 11, 2023-06-10, 'Completed'),
(170, 71, 2023-03-18, 'Completed'),
(171, 53, 2024-04-06, 'Completed'),
(172, 61, 2023-10-26, 'Completed'),
(173, 37, 2023-10-17, 'Completed'),
(174, 59, 2023-03-14, 'Completed'),
(175, 34, 2023-07-22, 'Completed'),
(176, 70, 2023-08-19, 'Completed'),
(177, 35, 2023-05-26, 'Completed'),
(178, 22, 2023-11-11, 'Completed'),
(179, 73, 2023-10-23, 'Completed'),
(180, 60, 2023-11-08, 'Completed'),
(181, 35, 2024-05-27, 'Completed'),
(182, 57, 2023-03-24, 'Completed'),
(183, 56, 2023-11-27, 'Completed'),
(184, 4, 2023-04-04, 'Completed'),
(185, 87, 2023-01-22, 'Cancelled'),
(186, 87, 2023-10-03, 'Completed'),
(187, 98, 2023-06-29, 'Completed'),
(188, 84, 2024-03-28, 'Cancelled'),
(189, 24, 2024-03-22, 'Completed'),
(190, 63, 2023-04-04, 'Completed'),
(191, 53, 2023-12-08, 'Completed'),
(192, 14, 2023-06-14, 'Completed'),
(193, 89, 2024-05-22, 'Completed'),
(194, 52, 2023-02-07, 'Completed'),
(195, 41, 2023-09-16, 'Completed'),
(196, 99, 2024-02-18, 'Completed'),
(197, 1, 2024-04-18, 'Completed'),
(198, 25, 2024-06-14, 'Completed'),
(199, 97, 2024-05-25, 'Completed'),
(200, 98, 2023-02-22, 'Completed');
INSERT INTO OrderItems (item_id, order_id, product_id, quantity, total_price) VALUES
(1.0, 2.0, 30.0, 3.0, 416.94),
(2.0, 2.0, 15.0, 4.0, 1120.8),
(3.0, 3.0, 1.0, 5.0, 220.2),
(4.0, 4.0, 23.0, 2.0, 108.62),
(5.0, 4.0, 10.0, 5.0, 1234.9),
(6.0, 5.0, 18.0, 4.0, 248.16),
(7.0, 6.0, 8.0, 1.0, 58.1),
(8.0, 7.0, 4.0, 2.0, 186.52),
(9.0, 7.0, 16.0, 3.0, 105.87),
(10.0, 7.0, 17.0, 3.0, 1022.46),
(11.0, 7.0, 14.0, 4.0, 403.12),
(12.0, 8.0, 8.0, 4.0, 232.4),
(13.0, 8.0, 18.0, 2.0, 124.08),
(14.0, 8.0, 13.0, 2.0, 95.98),
(15.0, 8.0, 30.0, 5.0, 694.9),
(16.0, 9.0, 28.0, 1.0, 153.06),
(17.0, 9.0, 9.0, 4.0, 447.44),
(18.0, 10.0, 30.0, 5.0, 694.9),
(19.0, 10.0, 9.0, 1.0, 111.86),
(20.0, 10.0, 10.0, 3.0, 740.94),
(21.0, 11.0, 28.0, 2.0, 306.12),
(22.0, 11.0, 15.0, 5.0, 1401.0),
(23.0, 11.0, 16.0, 3.0, 105.87),
(24.0, 11.0, 11.0, 5.0, 176.15),
(25.0, 13.0, 15.0, 3.0, 840.6),
(26.0, 13.0, 28.0, 2.0, 306.12),
(27.0, 13.0, 23.0, 2.0, 108.62),
(28.0, 13.0, 19.0, 4.0, 1214.0),
(29.0, 14.0, 28.0, 4.0, 612.24),
(30.0, 14.0, 2.0, 3.0, 64.35),
(31.0, 15.0, 23.0, 4.0, 217.24),
(32.0, 15.0, 13.0, 2.0, 95.98),
(33.0, 15.0, 16.0, 1.0, 35.29),
(34.0, 15.0, 5.0, 5.0, 157.5),
(35.0, 16.0, 28.0, 1.0, 153.06),
(36.0, 16.0, 28.0, 4.0, 612.24),
(37.0, 16.0, 4.0, 5.0, 466.3),
(38.0, 17.0, 1.0, 2.0, 88.08),
(39.0, 17.0, 14.0, 2.0, 201.56),
(40.0, 17.0, 3.0, 4.0, 73.88),
(41.0, 17.0, 26.0, 3.0, 93.93),
(42.0, 18.0, 20.0, 4.0, 587.52),
(43.0, 18.0, 21.0, 1.0, 310.89),
(44.0, 18.0, 28.0, 3.0, 459.18),
(45.0, 19.0, 11.0, 4.0, 140.92),
(46.0, 19.0, 28.0, 5.0, 765.3),
(47.0, 19.0, 2.0, 5.0, 107.25),
(48.0, 19.0, 3.0, 2.0, 36.94),
(49.0, 20.0, 8.0, 1.0, 58.1),
(50.0, 20.0, 14.0, 1.0, 100.78),
(51.0, 20.0, 25.0, 1.0, 32.34),
(52.0, 21.0, 6.0, 3.0, 194.58),
(53.0, 21.0, 29.0, 1.0, 146.85),
(54.0, 21.0, 2.0, 3.0, 64.35),
(55.0, 21.0, 26.0, 1.0, 31.31),
(56.0, 23.0, 12.0, 3.0, 225.66),
(57.0, 23.0, 14.0, 2.0, 201.56),
(58.0, 23.0, 8.0, 5.0, 290.5),
(59.0, 24.0, 19.0, 2.0, 607.0),
(60.0, 24.0, 6.0, 2.0, 129.72),
(61.0, 24.0, 3.0, 5.0, 92.35),
(62.0, 24.0, 28.0, 4.0, 612.24),
(63.0, 25.0, 16.0, 5.0, 176.45),
(64.0, 25.0, 5.0, 2.0, 63.0),
(65.0, 26.0, 21.0, 3.0, 932.67),
(66.0, 26.0, 15.0, 3.0, 840.6),
(67.0, 26.0, 22.0, 1.0, 160.35),
(68.0, 26.0, 29.0, 4.0, 587.4),
(69.0, 27.0, 22.0, 5.0, 801.75),
(70.0, 27.0, 6.0, 1.0, 64.86),
(71.0, 27.0, 15.0, 3.0, 840.6),
(72.0, 31.0, 21.0, 4.0, 1243.56),
(73.0, 31.0, 23.0, 3.0, 162.93),
(74.0, 31.0, 15.0, 3.0, 840.6),
(75.0, 32.0, 13.0, 4.0, 191.96),
(76.0, 32.0, 4.0, 2.0, 186.52),
(77.0, 33.0, 19.0, 3.0, 910.5),
(78.0, 33.0, 19.0, 3.0, 910.5),
(79.0, 33.0, 23.0, 3.0, 162.93),
(80.0, 33.0, 1.0, 4.0, 176.16),
(81.0, 34.0, 1.0, 5.0, 220.2),
(82.0, 34.0, 28.0, 1.0, 153.06),
(83.0, 34.0, 30.0, 5.0, 694.9),
(84.0, 35.0, 27.0, 3.0, 85.68),
(85.0, 35.0, 25.0, 2.0, 64.68),
(86.0, 35.0, 20.0, 3.0, 440.64),
(87.0, 35.0, 8.0, 2.0, 116.2),
(88.0, 36.0, 22.0, 2.0, 320.7),
(89.0, 36.0, 21.0, 1.0, 310.89),
(90.0, 36.0, 29.0, 1.0, 146.85),
(91.0, 37.0, 26.0, 4.0, 125.24),
(92.0, 37.0, 2.0, 5.0, 107.25),
(93.0, 37.0, 12.0, 2.0, 150.44),
(94.0, 38.0, 30.0, 3.0, 416.94),
(95.0, 39.0, 24.0, 4.0, 732.4),
(96.0, 39.0, 6.0, 2.0, 129.72),
(97.0, 39.0, 5.0, 5.0, 157.5),
(98.0, 40.0, 17.0, 5.0, 1704.1),
(99.0, 40.0, 30.0, 3.0, 416.94),
(100.0, 40.0, 27.0, 2.0, 57.12),
(101.0, 42.0, 30.0, 4.0, 555.92),
(102.0, 42.0, 26.0, 3.0, 93.93),
(103.0, 42.0, 24.0, 3.0, 549.3),
(104.0, 43.0, 15.0, 1.0, 280.2),
(105.0, 44.0, 25.0, 2.0, 64.68),
(106.0, 44.0, 28.0, 4.0, 612.24),
(107.0, 45.0, 3.0, 4.0, 73.88),
(108.0, 45.0, 1.0, 3.0, 132.12),
(109.0, 45.0, 18.0, 1.0, 62.04),
(110.0, 46.0, 12.0, 3.0, 225.66),
(111.0, 46.0, 19.0, 4.0, 1214.0),
(112.0, 46.0, 27.0, 3.0, 85.68),
(113.0, 46.0, 4.0, 2.0, 186.52),
(114.0, 47.0, 1.0, 5.0, 220.2),
(115.0, 47.0, 29.0, 5.0, 734.25),
(116.0, 47.0, 11.0, 5.0, 176.15),
(117.0, 47.0, 8.0, 1.0, 58.1),
(118.0, 48.0, 30.0, 3.0, 416.94),
(119.0, 48.0, 21.0, 4.0, 1243.56),
(120.0, 48.0, 4.0, 2.0, 186.52),
(121.0, 48.0, 2.0, 1.0, 21.45),
(122.0, 49.0, 16.0, 1.0, 35.29),
(123.0, 49.0, 4.0, 2.0, 186.52),
(124.0, 49.0, 29.0, 5.0, 734.25),
(125.0, 50.0, 13.0, 4.0, 191.96),
(126.0, 50.0, 12.0, 5.0, 376.1),
(127.0, 51.0, 19.0, 2.0, 607.0),
(128.0, 51.0, 29.0, 4.0, 587.4),
(129.0, 51.0, 21.0, 1.0, 310.89),
(130.0, 51.0, 27.0, 4.0, 114.24),
(131.0, 52.0, 9.0, 1.0, 111.86),
(132.0, 52.0, 23.0, 3.0, 162.93),
(133.0, 52.0, 7.0, 4.0, 333.36),
(134.0, 52.0, 15.0, 2.0, 560.4),
(135.0, 53.0, 4.0, 3.0, 279.78),
(136.0, 53.0, 18.0, 3.0, 186.12),
(137.0, 53.0, 2.0, 4.0, 85.8),
(138.0, 54.0, 7.0, 1.0, 83.34),
(139.0, 54.0, 28.0, 4.0, 612.24),
(140.0, 54.0, 3.0, 2.0, 36.94),
(141.0, 55.0, 2.0, 3.0, 64.35),
(142.0, 56.0, 5.0, 5.0, 157.5),
(143.0, 56.0, 7.0, 1.0, 83.34),
(144.0, 57.0, 19.0, 2.0, 607.0),
(145.0, 57.0, 27.0, 2.0, 57.12),
(146.0, 58.0, 25.0, 2.0, 64.68),
(147.0, 58.0, 26.0, 5.0, 156.55),
(148.0, 58.0, 1.0, 3.0, 132.12),
(149.0, 59.0, 5.0, 5.0, 157.5),
(150.0, 59.0, 9.0, 2.0, 223.72),
(151.0, 60.0, 22.0, 1.0, 160.35),
(152.0, 61.0, 1.0, 3.0, 132.12),
(153.0, 61.0, 26.0, 2.0, 62.62),
(154.0, 62.0, 1.0, 2.0, 88.08),
(155.0, 62.0, 9.0, 1.0, 111.86),
(156.0, 62.0, 5.0, 4.0, 126.0),
(157.0, 63.0, 24.0, 1.0, 183.1),
(158.0, 64.0, 15.0, 3.0, 840.6),
(159.0, 64.0, 17.0, 5.0, 1704.1),
(160.0, 64.0, 4.0, 4.0, 373.04),
(161.0, 64.0, 17.0, 2.0, 681.64),
(162.0, 66.0, 24.0, 5.0, 915.5),
(163.0, 67.0, 15.0, 1.0, 280.2),
(164.0, 67.0, 2.0, 4.0, 85.8),
(165.0, 67.0, 28.0, 4.0, 612.24),
(166.0, 68.0, 22.0, 1.0, 160.35),
(167.0, 68.0, 16.0, 4.0, 141.16),
(168.0, 68.0, 3.0, 1.0, 18.47),
(169.0, 68.0, 11.0, 5.0, 176.15),
(170.0, 69.0, 3.0, 2.0, 36.94),
(171.0, 69.0, 9.0, 5.0, 559.3),
(172.0, 70.0, 13.0, 5.0, 239.95),
(173.0, 70.0, 17.0, 3.0, 1022.46),
(174.0, 70.0, 15.0, 5.0, 1401.0),
(175.0, 71.0, 4.0, 1.0, 93.26),
(176.0, 71.0, 28.0, 5.0, 765.3),
(177.0, 71.0, 24.0, 2.0, 366.2),
(178.0, 71.0, 14.0, 4.0, 403.12),
(179.0, 72.0, 14.0, 3.0, 302.34),
(180.0, 72.0, 27.0, 4.0, 114.24),
(181.0, 74.0, 14.0, 1.0, 100.78),
(182.0, 74.0, 11.0, 4.0, 140.92),
(183.0, 74.0, 11.0, 3.0, 105.69),
(184.0, 74.0, 12.0, 2.0, 150.44),
(185.0, 76.0, 3.0, 1.0, 18.47),
(186.0, 76.0, 27.0, 1.0, 28.56),
(187.0, 76.0, 3.0, 4.0, 73.88),
(188.0, 76.0, 4.0, 3.0, 279.78),
(189.0, 77.0, 18.0, 1.0, 62.04),
(190.0, 77.0, 19.0, 5.0, 1517.5),
(191.0, 78.0, 22.0, 1.0, 160.35),
(192.0, 78.0, 14.0, 3.0, 302.34),
(193.0, 78.0, 28.0, 4.0, 612.24),
(194.0, 79.0, 10.0, 5.0, 1234.9),
(195.0, 80.0, 12.0, 1.0, 75.22),
(196.0, 80.0, 19.0, 5.0, 1517.5),
(197.0, 80.0, 7.0, 2.0, 166.68),
(198.0, 81.0, 8.0, 1.0, 58.1),
(199.0, 81.0, 12.0, 5.0, 376.1),
(200.0, 81.0, 12.0, 1.0, 75.22),
(201.0, 81.0, 25.0, 3.0, 97.02),
(202.0, 82.0, 26.0, 4.0, 125.24),
(203.0, 82.0, 28.0, 5.0, 765.3),
(204.0, 83.0, 20.0, 3.0, 440.64),
(205.0, 84.0, 6.0, 3.0, 194.58),
(206.0, 85.0, 30.0, 3.0, 416.94),
(207.0, 85.0, 12.0, 1.0, 75.22),
(208.0, 85.0, 6.0, 2.0, 129.72),
(209.0, 86.0, 3.0, 2.0, 36.94),
(210.0, 86.0, 24.0, 1.0, 183.1),
(211.0, 86.0, 3.0, 5.0, 92.35),
(212.0, 86.0, 7.0, 4.0, 333.36),
(213.0, 87.0, 15.0, 3.0, 840.6),
(214.0, 87.0, 6.0, 3.0, 194.58),
(215.0, 87.0, 10.0, 3.0, 740.94),
(216.0, 87.0, 25.0, 5.0, 161.7),
(217.0, 88.0, 29.0, 1.0, 146.85),
(218.0, 89.0, 6.0, 5.0, 324.3),
(219.0, 89.0, 2.0, 1.0, 21.45),
(220.0, 90.0, 15.0, 4.0, 1120.8),
(221.0, 90.0, 16.0, 5.0, 176.45),
(222.0, 90.0, 15.0, 4.0, 1120.8),
(223.0, 91.0, 7.0, 5.0, 416.7),
(224.0, 91.0, 4.0, 3.0, 279.78),
(225.0, 91.0, 14.0, 1.0, 100.78),
(226.0, 92.0, 22.0, 5.0, 801.75),
(227.0, 92.0, 16.0, 5.0, 176.45),
(228.0, 92.0, 22.0, 3.0, 481.05),
(229.0, 93.0, 8.0, 4.0, 232.4),
(230.0, 94.0, 1.0, 2.0, 88.08),
(231.0, 95.0, 7.0, 2.0, 166.68),
(232.0, 95.0, 25.0, 3.0, 97.02),
(233.0, 95.0, 10.0, 3.0, 740.94),
(234.0, 97.0, 1.0, 4.0, 176.16),
(235.0, 98.0, 6.0, 2.0, 129.72),
(236.0, 98.0, 13.0, 5.0, 239.95),
(237.0, 98.0, 23.0, 2.0, 108.62),
(238.0, 98.0, 17.0, 5.0, 1704.1),
(239.0, 99.0, 3.0, 4.0, 73.88),
(240.0, 99.0, 28.0, 1.0, 153.06),
(241.0, 99.0, 14.0, 1.0, 100.78),
(242.0, 100.0, 30.0, 1.0, 138.98),
(243.0, 100.0, 28.0, 3.0, 459.18),
(244.0, 100.0, 19.0, 4.0, 1214.0),
(245.0, 100.0, 19.0, 4.0, 1214.0),
(246.0, 101.0, 10.0, 1.0, 246.98),
(247.0, 101.0, 13.0, 1.0, 47.99),
(248.0, 101.0, 11.0, 2.0, 70.46),
(249.0, 101.0, 26.0, 5.0, 156.55),
(250.0, 102.0, 27.0, 3.0, 85.68),
(251.0, 102.0, 3.0, 4.0, 73.88),
(252.0, 102.0, 28.0, 1.0, 153.06),
(253.0, 102.0, 8.0, 4.0, 232.4),
(254.0, 103.0, 17.0, 1.0, 340.82),
(255.0, 103.0, 13.0, 3.0, 143.97),
(256.0, 103.0, 24.0, 3.0, 549.3),
(257.0, 103.0, 8.0, 3.0, 174.3),
(258.0, 104.0, 3.0, 5.0, 92.35),
(259.0, 104.0, 21.0, 1.0, 310.89),
(260.0, 105.0, 29.0, 3.0, 440.55),
(261.0, 105.0, 12.0, 2.0, 150.44),
(262.0, 106.0, 4.0, 2.0, 186.52),
(263.0, 106.0, 9.0, 2.0, 223.72),
(264.0, 107.0, 20.0, 2.0, 293.76),
(265.0, 107.0, 25.0, 1.0, 32.34),
(266.0, 108.0, 25.0, 4.0, 129.36),
(267.0, 108.0, 15.0, 5.0, 1401.0),
(268.0, 109.0, 22.0, 5.0, 801.75),
(269.0, 109.0, 21.0, 5.0, 1554.45),
(270.0, 109.0, 11.0, 3.0, 105.69),
(271.0, 109.0, 5.0, 4.0, 126.0),
(272.0, 110.0, 16.0, 4.0, 141.16),
(273.0, 111.0, 26.0, 3.0, 93.93),
(274.0, 111.0, 19.0, 1.0, 303.5),
(275.0, 111.0, 12.0, 5.0, 376.1),
(276.0, 112.0, 10.0, 4.0, 987.92),
(277.0, 113.0, 2.0, 1.0, 21.45),
(278.0, 113.0, 12.0, 3.0, 225.66),
(279.0, 113.0, 3.0, 1.0, 18.47),
(280.0, 113.0, 20.0, 5.0, 734.4),
(281.0, 115.0, 15.0, 5.0, 1401.0),
(282.0, 115.0, 18.0, 1.0, 62.04),
(283.0, 115.0, 15.0, 5.0, 1401.0),
(284.0, 115.0, 21.0, 2.0, 621.78),
(285.0, 116.0, 20.0, 4.0, 587.52),
(286.0, 116.0, 17.0, 2.0, 681.64),
(287.0, 116.0, 2.0, 4.0, 85.8),
(288.0, 117.0, 26.0, 3.0, 93.93),
(289.0, 118.0, 17.0, 2.0, 681.64),
(290.0, 119.0, 8.0, 4.0, 232.4),
(291.0, 120.0, 17.0, 5.0, 1704.1),
(292.0, 120.0, 20.0, 2.0, 293.76),
(293.0, 120.0, 12.0, 3.0, 225.66),
(294.0, 120.0, 30.0, 3.0, 416.94),
(295.0, 121.0, 14.0, 3.0, 302.34),
(296.0, 121.0, 22.0, 5.0, 801.75),
(297.0, 121.0, 2.0, 3.0, 64.35),
(298.0, 121.0, 3.0, 3.0, 55.41),
(299.0, 122.0, 18.0, 4.0, 248.16),
(300.0, 123.0, 9.0, 5.0, 559.3),
(301.0, 123.0, 28.0, 2.0, 306.12),
(302.0, 123.0, 11.0, 1.0, 35.23),
(303.0, 124.0, 30.0, 3.0, 416.94),
(304.0, 124.0, 10.0, 4.0, 987.92),
(305.0, 125.0, 20.0, 1.0, 146.88),
(306.0, 125.0, 10.0, 5.0, 1234.9),
(307.0, 126.0, 21.0, 3.0, 932.67),
(308.0, 126.0, 27.0, 2.0, 57.12),
(309.0, 126.0, 22.0, 5.0, 801.75),
(310.0, 126.0, 3.0, 4.0, 73.88),
(311.0, 127.0, 1.0, 3.0, 132.12),
(312.0, 127.0, 10.0, 2.0, 493.96),
(313.0, 127.0, 7.0, 3.0, 250.02),
(314.0, 128.0, 7.0, 2.0, 166.68),
(315.0, 128.0, 5.0, 2.0, 63.0),
(316.0, 128.0, 3.0, 3.0, 55.41),
(317.0, 128.0, 28.0, 1.0, 153.06),
(318.0, 129.0, 22.0, 3.0, 481.05),
(319.0, 130.0, 20.0, 4.0, 587.52),
(320.0, 130.0, 5.0, 2.0, 63.0),
(321.0, 131.0, 27.0, 5.0, 142.8),
(322.0, 131.0, 26.0, 2.0, 62.62),
(323.0, 132.0, 2.0, 4.0, 85.8),
(324.0, 132.0, 12.0, 2.0, 150.44),
(325.0, 132.0, 15.0, 5.0, 1401.0),
(326.0, 132.0, 10.0, 4.0, 987.92),
(327.0, 133.0, 18.0, 2.0, 124.08),
(328.0, 133.0, 10.0, 4.0, 987.92),
(329.0, 134.0, 12.0, 5.0, 376.1),
(330.0, 134.0, 15.0, 4.0, 1120.8),
(331.0, 135.0, 25.0, 4.0, 129.36),
(332.0, 135.0, 17.0, 5.0, 1704.1),
(333.0, 135.0, 14.0, 2.0, 201.56),
(334.0, 136.0, 26.0, 5.0, 156.55),
(335.0, 136.0, 5.0, 3.0, 94.5),
(336.0, 137.0, 21.0, 4.0, 1243.56),
(337.0, 138.0, 18.0, 1.0, 62.04),
(338.0, 138.0, 23.0, 5.0, 271.55),
(339.0, 138.0, 28.0, 1.0, 153.06),
(340.0, 139.0, 3.0, 2.0, 36.94),
(341.0, 139.0, 9.0, 4.0, 447.44),
(342.0, 139.0, 29.0, 5.0, 734.25),
(343.0, 140.0, 27.0, 4.0, 114.24),
(344.0, 140.0, 3.0, 2.0, 36.94),
(345.0, 141.0, 29.0, 3.0, 440.55),
(346.0, 141.0, 30.0, 1.0, 138.98),
(347.0, 141.0, 14.0, 1.0, 100.78),
(348.0, 141.0, 13.0, 5.0, 239.95),
(349.0, 142.0, 8.0, 4.0, 232.4),
(350.0, 142.0, 3.0, 3.0, 55.41),
(351.0, 142.0, 8.0, 1.0, 58.1),
(352.0, 143.0, 30.0, 1.0, 138.98),
(353.0, 143.0, 27.0, 3.0, 85.68),
(354.0, 143.0, 26.0, 2.0, 62.62),
(355.0, 144.0, 2.0, 3.0, 64.35),
(356.0, 144.0, 30.0, 4.0, 555.92),
(357.0, 145.0, 25.0, 4.0, 129.36),
(358.0, 145.0, 15.0, 5.0, 1401.0),
(359.0, 146.0, 29.0, 1.0, 146.85),
(360.0, 147.0, 9.0, 2.0, 223.72),
(361.0, 148.0, 18.0, 5.0, 310.2),
(362.0, 148.0, 17.0, 4.0, 1363.28),
(363.0, 149.0, 25.0, 3.0, 97.02),
(364.0, 150.0, 10.0, 1.0, 246.98),
(365.0, 150.0, 2.0, 2.0, 42.9),
(366.0, 151.0, 21.0, 5.0, 1554.45),
(367.0, 151.0, 15.0, 1.0, 280.2),
(368.0, 151.0, 4.0, 4.0, 373.04),
(369.0, 151.0, 20.0, 5.0, 734.4),
(370.0, 152.0, 21.0, 5.0, 1554.45),
(371.0, 153.0, 23.0, 2.0, 108.62),
(372.0, 153.0, 10.0, 4.0, 987.92),
(373.0, 154.0, 20.0, 3.0, 440.64),
(374.0, 155.0, 19.0, 4.0, 1214.0),
(375.0, 155.0, 6.0, 1.0, 64.86),
(376.0, 156.0, 3.0, 5.0, 92.35),
(377.0, 156.0, 18.0, 5.0, 310.2),
(378.0, 156.0, 26.0, 5.0, 156.55),
(379.0, 158.0, 13.0, 4.0, 191.96),
(380.0, 159.0, 21.0, 4.0, 1243.56),
(381.0, 160.0, 9.0, 1.0, 111.86),
(382.0, 160.0, 12.0, 1.0, 75.22),
(383.0, 160.0, 12.0, 2.0, 150.44),
(384.0, 161.0, 25.0, 5.0, 161.7),
(385.0, 162.0, 5.0, 1.0, 31.5),
(386.0, 162.0, 12.0, 5.0, 376.1),
(387.0, 162.0, 11.0, 2.0, 70.46),
(388.0, 163.0, 23.0, 4.0, 217.24),
(389.0, 163.0, 21.0, 2.0, 621.78),
(390.0, 163.0, 26.0, 2.0, 62.62),
(391.0, 163.0, 3.0, 4.0, 73.88),
(392.0, 165.0, 10.0, 2.0, 493.96),
(393.0, 166.0, 26.0, 2.0, 62.62),
(394.0, 168.0, 11.0, 3.0, 105.69),
(395.0, 169.0, 27.0, 5.0, 142.8),
(396.0, 169.0, 16.0, 3.0, 105.87),
(397.0, 169.0, 2.0, 2.0, 42.9),
(398.0, 169.0, 10.0, 3.0, 740.94),
(399.0, 170.0, 28.0, 3.0, 459.18),
(400.0, 171.0, 4.0, 3.0, 279.78),
(401.0, 171.0, 14.0, 4.0, 403.12),
(402.0, 171.0, 24.0, 4.0, 732.4),
(403.0, 172.0, 11.0, 2.0, 70.46),
(404.0, 172.0, 16.0, 4.0, 141.16),
(405.0, 172.0, 12.0, 5.0, 376.1),
(406.0, 172.0, 9.0, 1.0, 111.86),
(407.0, 173.0, 3.0, 4.0, 73.88),
(408.0, 173.0, 20.0, 2.0, 293.76),
(409.0, 173.0, 18.0, 3.0, 186.12),
(410.0, 173.0, 11.0, 1.0, 35.23),
(411.0, 174.0, 11.0, 3.0, 105.69),
(412.0, 175.0, 15.0, 5.0, 1401.0),
(413.0, 175.0, 23.0, 4.0, 217.24),
(414.0, 175.0, 6.0, 4.0, 259.44),
(415.0, 176.0, 15.0, 1.0, 280.2),
(416.0, 176.0, 24.0, 3.0, 549.3),
(417.0, 176.0, 20.0, 4.0, 587.52),
(418.0, 177.0, 21.0, 1.0, 310.89),
(419.0, 177.0, 3.0, 4.0, 73.88),
(420.0, 177.0, 12.0, 5.0, 376.1),
(421.0, 178.0, 1.0, 2.0, 88.08),
(422.0, 178.0, 28.0, 5.0, 765.3),
(423.0, 179.0, 2.0, 2.0, 42.9),
(424.0, 179.0, 3.0, 2.0, 36.94),
(425.0, 179.0, 25.0, 3.0, 97.02),
(426.0, 179.0, 12.0, 4.0, 300.88),
(427.0, 180.0, 20.0, 2.0, 293.76),
(428.0, 181.0, 12.0, 3.0, 225.66),
(429.0, 181.0, 15.0, 1.0, 280.2),
(430.0, 181.0, 19.0, 2.0, 607.0),
(431.0, 181.0, 17.0, 3.0, 1022.46),
(432.0, 182.0, 11.0, 3.0, 105.69),
(433.0, 182.0, 8.0, 1.0, 58.1),
(434.0, 182.0, 1.0, 2.0, 88.08),
(435.0, 182.0, 16.0, 5.0, 176.45),
(436.0, 183.0, 30.0, 5.0, 694.9),
(437.0, 183.0, 4.0, 3.0, 279.78),
(438.0, 183.0, 25.0, 3.0, 97.02),
(439.0, 183.0, 23.0, 4.0, 217.24),
(440.0, 184.0, 20.0, 3.0, 440.64),
(441.0, 184.0, 23.0, 4.0, 217.24),
(442.0, 186.0, 4.0, 2.0, 186.52),
(443.0, 186.0, 28.0, 1.0, 153.06),
(444.0, 187.0, 6.0, 4.0, 259.44),
(445.0, 187.0, 3.0, 3.0, 55.41),
(446.0, 187.0, 22.0, 3.0, 481.05),
(447.0, 187.0, 23.0, 1.0, 54.31),
(448.0, 189.0, 29.0, 3.0, 440.55),
(449.0, 189.0, 28.0, 2.0, 306.12),
(450.0, 189.0, 23.0, 2.0, 108.62),
(451.0, 190.0, 17.0, 2.0, 681.64),
(452.0, 190.0, 4.0, 2.0, 186.52),
(453.0, 190.0, 26.0, 2.0, 62.62),
(454.0, 191.0, 26.0, 4.0, 125.24),
(455.0, 191.0, 1.0, 3.0, 132.12),
(456.0, 192.0, 15.0, 5.0, 1401.0),
(457.0, 192.0, 5.0, 5.0, 157.5),
(458.0, 192.0, 29.0, 1.0, 146.85),
(459.0, 193.0, 10.0, 4.0, 987.92),
(460.0, 194.0, 17.0, 4.0, 1363.28),
(461.0, 194.0, 25.0, 4.0, 129.36),
(462.0, 194.0, 27.0, 5.0, 142.8),
(463.0, 194.0, 3.0, 2.0, 36.94),
(464.0, 195.0, 21.0, 1.0, 310.89),
(465.0, 195.0, 15.0, 4.0, 1120.8),
(466.0, 195.0, 22.0, 5.0, 801.75),
(467.0, 196.0, 5.0, 5.0, 157.5),
(468.0, 196.0, 21.0, 5.0, 1554.45),
(469.0, 196.0, 6.0, 2.0, 129.72),
(470.0, 197.0, 17.0, 1.0, 340.82),
(471.0, 197.0, 27.0, 1.0, 28.56),
(472.0, 197.0, 17.0, 2.0, 681.64),
(473.0, 197.0, 10.0, 2.0, 493.96),
(474.0, 198.0, 11.0, 2.0, 70.46),
(475.0, 198.0, 12.0, 5.0, 376.1),
(476.0, 199.0, 28.0, 1.0, 153.06),
(477.0, 199.0, 9.0, 2.0, 223.72),
(478.0, 199.0, 21.0, 5.0, 1554.45),
(479.0, 200.0, 5.0, 3.0, 94.5),
(480.0, 200.0, 20.0, 5.0, 734.4),
(481.0, 200.0, 3.0, 5.0, 92.35);
